id,calling_code,capital_city,code_2,code_3,continent_id,currency_id,flag,name
ad,376,Андорра-ла-Велья,ad,and,eu,eur,🇦🇩,Андорра
ae,971,Абу-Дабі,ae,are,as,aed,🇦🇪,Об'єднані Арабські Емірати
af,93,Кабул,af,afg,as,afn, 🇦🇫,Афганістан
ag,1268,Сент-Джонс,ag,atg,na,xcd,🇦🇬,Антигуа і Барбуда
ai,1264,Долина,ai,aia,na,xcd,🇦🇮,Ангілья
al,355,Тирана,al,alb,eu,all,🇦🇱,Албанія
am,374,Єреван,am,arm,as,amd,🇦🇲,Вірменія
ao,244,Луанда,ao,ago,af,aoa, 🇦🇴,Ангола
aq,672,,aq,ata,an,,🇦🇶,Антарктида
ar,54,Буенос-Айрес,ar,arg,sa,ars,🇦🇷,Аргентина
as,1684,Паго-Паго,as,asm,oc,usd, 🇦🇸,Американське Самоа
at,43,Відень,at,aut,eu,eur,🇦🇹,Австрія
au,61,Канберра,au,aus,oc,aud,🇦🇺,Австралія
aw,297,Ораньєстад,aw,abw,na,awg, 🇦🇼,Аруба
ax,358,Марієхамн,ax,ala,eu,eur,🇦🇽,Аландські острови
az,994,Баку,az,aze,as,azn, 🇦🇿,Азербайджан
ba,387,Сараєво,ba,bih,eu,bam,🇧🇦,Боснія і Герцеговина
bb,1246,Бріджтаун,bb,brb,na,bbd,🇧🇧,Барбадос
bd,880,Дакка,bd,bgd,as,bdt,🇧🇩,Бангладеш
be,32,Брюссель,be,bel,eu,eur,🇧🇪,Бельгія
bf,226,Уагадугу,bf,bfa,af,xof,🇧🇫,Буркіна-Фасо
bg,359,Софія,bg,bgr,eu,bgn,🇧🇬,Болгарія
bh,973,Манама,bh,bhr,as,bhd,🇧🇭,Бахрейн
bi,257,Бужумбура,bi,bdi,af,bif,🇧🇮,Бурунді
bj,229,Порто-Ново,bj,ben,af,xof,🇧🇯,Бенін
bl,590,Густавия,bl,blm,na,eur,🇧🇱,Сен-Бартельмі
bm,1441,Гамільтон,bm,bmu,na,bmd,🇧🇲,Бермуди
bn,673,Бандар-Сері-Бегаван,bn,brn,as,bnd,🇧🇳,Бруней
bo,591,Сукре,bo,bol,sa,bob,🇧🇴,Болівія
bq,599,,bq,bes,na,usd,🇧🇶,«Бонайре, Сент-Естатіус і Саба»
br,55,Бразиліа,br,bra,sa,brl,🇧🇷,Бразилія
bs,1242,Нассау,bs,bhs,na,bsd,🇧🇸,Багамські острови
bt,975,Тхімпху,bt,btn,as,btn,🇧🇹,Бутан
bv,55,,bv,bvt,an,nok,🇧🇻,Острів Буве
bw,267,Габороне,bw,bwa,af,bwp,🇧🇼,Ботсвана
by,375,Мінськ,by,blr,eu,byr,🇧🇾,Білорусь
bz,501,Бельмопан,bz,blz,na,bzd,🇧🇿,Беліз
ca,1,Оттава,ca,can,na,cad,🇨🇦,Канада
cc,61,Вест-Айленд,cc,cck,as,aud,🇨🇨,Кокосові острови
cd,243,Кіншаса,cd,cod,af,cdf,🇨🇩,Демократична Республіка Конго
cf,236,Бангі,cf,caf,af,xaf,🇨🇫,Центральноафриканська Республіка
cg,242,Браззавіль,cg,cog,af,xaf,🇨🇬,Республіка Конго
ch,41,Берн,ch,che,eu,chf,🇨🇭,Швейцарія
ci,225,Ямусукро,ci,civ,af,xof,🇨🇮,Кот-д'Івуар
ck,682,Аваруа,ck,cok,oc,nzd,🇨🇰,Острови Кука
cl,56,Сантьяго,cl,chl,sa,clp,🇨🇱,Чилі
cm,237,Яунде,cm,cmr,af,xaf,🇨🇲,Камерун
cn,86,Пекін,cn,chn,as,cny,🇨🇳,Китай
co,57,Богота,co,col,sa,cop,🇨🇴,Колумбія
cr,506,Сан-Хосе,cr,cri,na,crc,🇨🇷,Коста-Ріка
cu,53,Гавана,cu,cub,na,cup,🇨🇺,Куба
cv,238,Прая,cv,cpv,af,cve,🇨🇻,Кабо-Верде
cw,599, Віллемстад,cw,cuw,na,ang,🇨🇼,Кюрасао
cx,61,Flying Fish Cove,cx,cxr,as,aud,🇨🇽,Острів Різдва
cy,357,Нікосія,cy,cyp,eu,eur,🇨🇾,Кіпр
cz,420,Прага,cz,cze,eu,czk,🇨🇿,Чеська Республіка
de,49,Берлін,de,deu,eu,eur,🇩🇪,Німеччина
dj,253,Джібуті,dj,dji,af,djf,🇩🇯,Джібуті
dk,45,Копенгаген,dk,dnk,eu,dkk,🇩🇰,Данія
dm,1767,Розо,dm,dma,na,xcd,🇩🇲,Домініка
do,1809,Санто-Домінго,do,dom,na,dop,🇩🇴,Домініканська Республіка
dz,213,Алжир,dz,dza,af,dzd,🇩🇿,Алжир
ec,593,Кіто,ec,ecu,sa,usd,🇪🇨,Еквадор
ee,372,Таллінн,ee,est,eu,eur,🇪🇪,Естонія
eg,20,Каїр,eg,egy,af,egp,🇪🇬,Єгипет
eh,212,Ель-Аюн,eh,esh,af,mad,🇪🇭,Західна Сахара
er,291,Асмара,er,eri,af,ern,🇪🇷,Еритрея
es,34,Мадрид,es,esp,eu,eur,🇪🇸,Іспанія
et,251,Аддіс-Абеба,et,eth,af,etb,🇪🇹,Ефіопія
fi,358,Гельсінкі,fi,fin,eu,eur,🇫🇮,Фінляндія
fj,679,Сува,fj,fji,oc,fjd,🇫🇯,Фіджі
fk,500,Стенлі,fk,flk,sa,fkp,🇫🇰,Фолклендські острови
fm,691,Палікір,fm,fsm,oc,usd, 🇫🇲,Мікронезія
fo,298,Торсхавн,fo,fro,eu,dkk,🇫🇴,Фарерські острови
fr,33,Париж,fr,fra,eu,eur,🇫🇷,Франція
ga,241,Лібревіль,ga,gab,af,xaf,🇬🇦,Габон
gb,44,Лондон,gb,gbr,eu,gbp,🇬🇧,Велика Британія
gd,1473,Сент-Джордж,gd,grd,na,xcd, 🇬🇩, Гренада
ge,995,Тбілісі,ge,geo,as,gel,🇬🇪,Грузія
gf,594,Кайєнна,gf,guf,sa,eur,🇬🇫,Французька Гвіана
gg,44,Сент-Пітер-Порт,gg,ggy,eu,gbp,🇬🇬,Гернсі
gh,233,Аккра,gh,gha,af,ghs,🇬🇭,Гана
gi,350,Гібралтар,gi,gib,eu,gip,🇬🇮,Гібралтар
gl,299,Нуук,gl,grl,na,dkk,🇬🇱,Гренландія
gm,220,Банжул,gm,gmb,af,gmd,🇬🇲,Гамбія
gn,224,Конакрі,gn,gin,af,gnf,🇬🇳,Гвінея
gp,590,Бас-Тер,gp,glp,na,eur,🇬🇵,Гваделупа
gq,240,Малабо,gq,gnq,af,xaf,🇬🇶,Екваторіальна Гвінея
gr,30,Афіни,gr,grc,eu,eur,🇬🇷,Греція
gs,500,Гритвікен,gs,sgs,an,gbp,🇬🇸,Південна Джорджія та Південні Сандвічеві острови
gt,502,Гватемала-Сіті,gt,gtm,na,gtq,🇬🇹,Гватемала
gu,1671,Хагатна,gu,gum,oc,usd, 🇬🇺, Гуам
gw, 245, Бісау, gw, gnb, af, xof, 🇬🇼, Гвінея-Бісау
gy, 592, Джорджтаун, gy, guy, sa, gyd, 🇬🇾, Гайана
hk,852,Гонконг,hk,hkg,as,hkd,🇭🇰,Гонконг
hm,672,,hm,hmd,oc,,🇦🇺,Острів Херд і острови Макдональд
hn,504,Тегусігальпа,hn,hnd,na,hnl,🇭🇳,Гондурас
hr,385,Загреб,hr,hrv,eu,hrk,🇭🇷,Хорватія
ht,509,Порт-о-Пренс,ht,hti,na,htg,🇭🇹,Гаїті
hu,36,Будапешт,hu,hun,eu,huf,🇭🇺,Угорщина
id,62,Джакарта,id,idn,as,idr,🇮🇩,Індонезія
ie,353,Дублін,ie,irl,eu,eur,🇮🇪,Ірландія
il,972,Єрусалим,il,isr,as,ils,🇮🇱,Ізраїль
im,44,«Дуглас, острів Мен»,im,imn,eu,gbp,🇮🇲,острів Мен
in,91,Нью-Делі,in,ind,as,inr,🇮🇳,Індія
io,246,Дієго-Гарсія,io,iot,as,usd,🇮🇴,Британська територія в Індійському океані
iq,964,Багдад,iq,irq,as,iqd,🇮🇶,Ірак
ir,98,Тегеран,ir,irn,as,irr,🇮🇷,Іран
is,354,Рейк'явік,is,isl,eu,isk, 🇮🇸,Ісландія
it,39,Рим,it,ita,eu,eur,🇮🇹,Італія
je,44,Сент-Гелієр,je,jey,eu,gbp,🇯🇪,Джерсі
jm,1876,Кінгстон,jm,jam,na,jmd,🇯🇲,Ямайка
jo,962,Амман,jo,jor,as,jod,🇯🇴,Йорданія
jp, 81, Токіо, jp, jpn, as, jpy, 🇯🇵, Японія
ke, 254, Найробі, ke, ken, af, kes, 🇰🇪, Кенія
кг,996,Бішкек,кг,кгз,ас,кгс,🇰🇬,Киргизстан
кх,855,Пномпень,кх,кхм,ас,кхр,🇰🇭,Камбоджа
кі, 686, Тарава, кі, кір, ок, ауд, 🇰🇮, Кірібаті
км, 269, Мороні, км, ком, аф, кмф, 🇰🇲, Коморські Острови
кн, 1869, Бастер, кн, кна, на, ксд, 🇰🇳, Сент-Кітс і Невіс
kp,850,Пхеньян,kp,prk,as,kpw,🇰🇵,Північна Корея
kr,82,Сеул,kr,kor,as,krw,🇰🇷,Південна Корея
kw,965,Кувейт,kw,kwt,as,kwd,🇰🇼,Кувейт
ky,1345,Джорджтаун,ky,cym,na,kyd,🇰🇾,Кайманові острови
kz,7,Нур-Султан,kz,kaz,as,kzt,🇰🇿,Казахстан
la,856,В'єнтьян,la,lao,as,lak,🇱🇦,Лаос
lb,961,Бейрут,lb,lbn,as,lbp,🇱🇧,Ліван
lc,1758,Кастрі,lc,lca,na,xcd,🇱🇨,Сент-Люсія
li,423,Вадуц,li,lie,eu,chf,🇱🇮,Ліхтенштейн
lk,94,Коломбо,lk,lka,as,lkr,🇱🇰,Шрі-Ланка
lr,231,Монровія,lr,lbr,af,lrd,🇱🇷,Ліберія
ls,266,Масеру,ls,lso,af,lsl,🇱🇸,Лесото
lt,370,Вільнюс,lt,ltu,eu,ltl,🇱🇹,Литва
lu,352,Люксембург,lu,lux,eu,eur,🇱🇺,Люксембург
lv,371,Рига,lv,lva,eu,eur,🇱🇻,Латвія
ly,218,Тріполі,ly,lby,af,lyd,🇱🇾,Лівія
ma,212,Рабат,ma,mar,af,mad,🇲🇦,Марокко
mc,377,Монако,mc,mco,eu,eur,🇲🇨,Монако
md,373,Кишинів,md,mda,eu,mdl,🇲🇩,Молдова
me,382,Подгориця,me,mne,eu,eur,🇲🇪,Чорногорія
mf,590,Маріго,mf,maf,na,eur,🇲🇫,Сен-Мартен
mg,261,Антананаріву,mg,mdg,af,mga,🇲🇬,Мадагаскар
mh,692,Маджуро,mh,mhl,oc,usd,🇲🇭,Маршаллові Острови
mk,389,Скоп'є,mk,mkd,eu,mkd,🇲🇰,Північна Македонія
ml,223,Бамако,ml,mli,af,xof,🇲🇱,Малі
mm,95,Нейп'їдо,mm,mmr,as,mmk,🇲🇲,М'янма
mn,976,Улан-Батор,mn,mng,as,mnt,🇲🇳,Монголія
mo,853,Макао,mo,mac,as,mop,🇲🇴,Макао
mp,1670,Сайпан,mp,mnp,oc,usd,🇲🇵,Північні Маріанські острови
mq,596,Форт-де-Франс,mq,mtq,na,eur,🇲🇶,Мартініка
mr,222,Нуакшот,mr,mrt,af,mro,🇲🇷,Мавританія
ms,1664,Плімут,ms,msr,na,xcd,🇲🇸,Монтсеррат
mt,356,Валлетта,mt,mlt,eu,eur,🇲🇹,Мальта
mu,230,Порт-Луї,mu,mus,af,mur,🇲🇺,Маврикій
mv,960,Мале,mv,mdv,as,mvr,🇲🇻,Мальдіви
mw,265,Лілонгве,mw,mwi,af,mwk,🇲🇼,Малаві
mx,52,Мехіко,mx,mex,na,mxn,🇲🇽,Мексика
my,60,Куала-Лумпур,my,mys,as,myr,🇲🇾,Малайзія
mz,258,Мапуту,mz,moz,af,mzn,🇲🇿,Мозамбік
na,264,Віндхук,na,nam,af,nad,🇳🇦,Намібія
nc,687,Нумеа,nc,ncl,oc,xpf,🇳🇨,Нова Каледонія
ne,227,Ніамей,ne,ner,af,xof,🇳🇪,Нігер
nf,672,Кінгстон,nf,nfk,oc,aud,🇳🇫,Острів Норфолк
ng,234,Абуджа,ng,nga,af,ngn,🇳🇬,Нігерія
ni,505,Манагуа,ni,nic,na,nio,🇳🇮,Нікарагуа
nl,31,Амстердам,nl,nld,eu,eur,🇳🇱,Нідерланди
no,47,Осло,no,nor,eu,nok,🇳🇴,Норвегія
np,977,Катманду,np,npl,as,npr,🇳🇵,Непал
nr,674,Ярен,nr,nru,oc,aud,🇳🇷,Науру
nu,683,Алофі,nu,niu,oc,nzd,🇳🇺,Ніуе
nz,64,Веллінгтон,nz,nzl,oc,nzd,🇳🇿,Нова Зеландія
om,968,Маскат,om,omn,as,omr,🇴🇲,Оман
pa,507,Панама-Сіті,pa,pan,na,pab,🇵🇦,Панама
pe,51,Ліма,pe,per,sa,pen,🇵🇪,Перу
pf,689,Папеете,pf,pyf,oc,xpf,🇵🇫,Французька Полінезія
pg,675,Порт-Морсбі,pg,png,oc,pgk,🇵🇬,Папуа-Нова Гвінея
ph,63,Маніла,ph,phl,as,php,🇵🇭,Філіппіни
pk,92,Ісламабад,pk,pak,as,pkr,🇵🇰,Пакистан
pl,48,Варшава,pl,pol,eu,pln,🇵🇱,Польща
pm,508,Сен-П'єр,pm,spm,na,eur,🇵🇲,Сен-П'єр і Мікелон
pn,870,Адамстаун,pn,pcn,oc,nzd,🇵🇳,Піткерн
pr,1787,Сан-Хуан,pr,pri,na,usd,🇵🇷,Пуерто-Рико
ps,970,Східний Єрусалим,ps,pse,as,ils,🇵🇸,Палестинська територія
pt,351,Лісабон,pt,prt,eu,eur,🇵🇹,Португалія
pw,680,Мелекеок,pw,plw,oc,usd,🇵🇼,Палау
py,595,Асунсьйон,py,pry,sa,pyg,🇵🇾,Парагвай
qa,974,Доха,qa,qat,as,qar,🇶🇦,Катар
re,262,Сен-Дені,re,reu,af,eur,🇷🇪,Реюньйон
ro,40,Бухарест,ro,rou,eu,ron,🇷🇴,Румунія
rs,381,Белград,rs,srb,eu,rsd,🇷🇸,Сербія
ru,7,Москва,ru,rus,eu,rub,🇷🇺,Росія
rw,250,Кігалі,rw,rwa,af,rwf,🇷🇼,Руанда
sa,966,Ер-Ріяд,sa,sau,as,sar,🇸🇦,Саудівська Аравія
sb,677,Хоніара,sb,slb,oc,sbd,🇸🇧,Соломонові Острови
sc,248,Вікторія,sc,syc,af,scr,🇸🇨,Сейшельські Острови
sd,249,Хартум,sd,sdn,af,sdg,🇸🇩,Судан
se,46,Стокгольм,se,swe,eu,sek,🇸🇪,Швеція
sg,65,Сінгапур,sg,sgp,as,sgd,🇸🇬,Сінгапур
sh,290,Джеймстаун,sh,shn,af,shp,🇸🇭,Свята Єлена
si,386,Любляна,si,svn,eu,eur,🇸🇮,Словенія
sj,47,Лонгйір,sj,sjm,eu,nok,🇸🇯,Шпіцберген і Ян-Маєн
sk,421,Братислава,sk,svk,eu,eur,🇸🇰,Словаччина
sl,232,Фрітаун,sl,sle,af,sll,🇸🇱,Сьєрра-Леоне
sm,378,Сан-Марино,sm,smr,eu,eur,🇸🇲,Сан-Марино
sn,221,Дакар,sn,sen,af,xof,🇸🇳,Сенегал
so,252,Могадішо,so,som,af,sos,🇸🇴,Сомалі
sr,597,Парамарібо,sr,sur,sa,srd,🇸🇷,Суринам
ss,211,Джуба,ss,ssd,af,ssp,🇸🇸,Південний Судан
st,239,Сан-Томе,st,stp,af,std,🇸🇹,Сан-Томе і Принсіпі
sv,503,Сан-Сальвадор,sv,slv,na,usd,🇸🇻,Сальвадор
sx,599,Філіпсбург,sx,sxm,na,ang,🇸🇽,Сінт-Мартен
sy,963,Дамаск,sy,syr,as,syp,🇸🇾,Сирія
sz,268,Мбабане,sz,swz,af,szl,🇸🇿,Свазіленд
tc,1649,Кокберн-Таун,tc,tca,na,usd,🇹🇨,Теркс і Кайкос
td,235,Нджамена,td,tcd,af,xaf,🇹🇩,Чад
tf,262,Порт-о-Френс,tf,atf,an,eur,🇹🇫,Французькі південні території
tg,228,Ломе,tg,tgo,af,xof,🇹🇬,Того
th,66,Бангкок,th,tha,as,thb,🇹🇭,Таїланд
tj,992,Душанбе,tj,tjk,as,tjs,🇹🇯,Таджикистан
tk,690,,tk,tkl,oc,nzd,🇹🇰,Токелау
tl,670,Ділі,tl,tls,oc,usd,🇹🇱,Східний Тимор
tm,993,Ашгабат,tm,tkm,as,tmt,🇹🇲,Туркменістан
tn,216,Туніс,tn,tun,af,tnd,🇹🇳,Туніс
to,676,Нуку'алофа,to,ton,oc,top,🇹🇴,Тонга
tr,90,Анкара,tr,tur,as,try,🇹🇷,Туреччина
tt,1868,Порт-оф-Спейн,tt,tto,na,ttd,🇹🇹,Тринідад і Тобаго
tv,688,Фунафуті,tv,tuv,oc,aud,🇹🇻,Тувалу
tw,886,Тайбей,tw,twn,as,twd,🇹🇼,Тайвань
tz,255,Додома,tz,tza,af,tzs,🇹🇿,Танзанія
ua,380,Київ,ua,ukr,eu,uah,🇺🇦,Україна
ug,256,Кампала,ug,uga,af,ugx,🇺🇬,Уганда
um,246,,um,umi,oc,usd,🇺🇲,Малі віддалені острови США
us,1,Вашингтон,us,usa,na,usd,🇺🇸,Сполучені Штати
uy,598,Монтевідео,uy,ury,sa,uyu,🇺🇾,Уругвай
uz,998,Ташкент,uz,uzb,as,uzs,🇺🇿,Узбекистан
va,379,Ватикан,va,vat,eu,eur,🇻🇦,Ватикан
vc,1784,Кінгстаун,vc,vct,na,xcd,🇻🇨,Сент-Вінсент і Гренадини
ve,58,Каракас,ve,ven,sa,vef,🇻🇪,Венесуела
vg,1284,Роуд-Таун,vg,vgb,na,usd, 🇻🇬,Британські Віргінські острови
vi,1340,Шарлотта-Амалія,vi,vir,na,usd, 🇻🇮,Американські Віргінські острови
vn,84,Ханой,vn,vnm,as,vnd,🇻🇳,В'єтнам
vu,678,Порт-Віла,vu,vut,oc,vuv,🇻🇺,Вануату
wf,681,Мата-Уту,wf,wlf,oc,xpf,🇼🇫,Валліс і Футуна
ws,685,Апіа,ws,wsm,oc,wst,🇼🇸,Самоа
xk,383,Пріштіна,xk,xkx,eu,eur,🇽🇰,Косово
ye,967,Сана,ye,yem,as,yer,🇾🇪,Ємен
yt,262,Мамудзу,yt,myt,af,eur,🇾🇹,Майотта
za,27,Преторія,za,zaf,af,zar,🇿🇦,Південна Африка
zm, 260, Лусака, zm, zmb, af, zmk, 🇿🇲, Замбія
zw, 263, Хараре, zw, zwe, af, zwl, 🇿🇼, Зімбабве